{
  "trained_at": "2025-12-04T14:55:07.943913",
  "training_samples": 5002,
  "metrics": {
    "accuracy": 0.962037962037962,
    "precision": 0.6,
    "recall": 0.72,
    "f1_score": 0.6545454545454545,
    "auc": 0.9757939011566772,
    "feature_importance": {
      "amount": 0.06427651652081198,
      "amount_log": 0.06851414456840396,
      "amount_squared": 0.08008538774021572,
      "amount_sqrt": 0.06826542140716042,
      "hour": 0.012005974366714623,
      "day_of_week": 0.012600504950626135,
      "day_of_month": 0.009871370251978226,
      "is_weekend": 0.008696897773501348,
      "is_night": 0.002092683512386767,
      "is_business_hours": 0.0017446286831048212,
      "high_risk_category": 0.0,
      "cat_retail": 0.0033568928879606384,
      "cat_food": 0.003192602936639351,
      "cat_travel": 0.005264927542183054,
      "cat_entertainment": 0.0,
      "cat_utilities": 0.0,
      "merchant_length": 0.04324850542176896,
      "merchant_has_numbers": 0.0,
      "customer_avg_amount": 0.03030694406441897,
      "customer_std_amount": 0.02348638103151875,
      "customer_txn_count": 0.024258908666685595,
      "amount_deviation": 0.05202729012716557,
      "account_balance": 0.0,
      "amount_to_balance_ratio": 0.0,
      "low_balance": 0.0,
      "country_mismatch": 0.0865719279709722,
      "login_transaction_mismatch": 0.07187023655685976,
      "is_by_check": 0.005444648849496008,
      "high_value_check": 0.0030905313403282756,
      "is_transfer": 0.0511226695373844,
      "is_credit": 0.004002286220474058,
      "is_debit": 0.007418953817127097,
      "is_usd": 0.0,
      "is_foreign_currency": 0.0,
      "gender_amount_deviation": 0.16677194521435268,
      "amount_zscore": 0.07144462947950035,
      "is_outlier": 0.018966188560260205
    }
  },
  "model_version": "1.0"
}