{
  "trained_at": "2025-12-11T18:44:13.850721",
  "training_samples": 1000,
  "metrics": {
    "accuracy": 0.79,
    "precision": 0.842391304347826,
    "recall": 0.9226190476190477,
    "f1_score": 0.8806818181818182,
    "auc": 0.7494419642857142,
    "feature_importance": {
      "amount": 0.046037198501093106,
      "amount_log": 0.04842353640548357,
      "amount_squared": 0.04594030465304706,
      "amount_sqrt": 0.05369579029229609,
      "hour": 0.044254005234137465,
      "day_of_week": 0.02579760310855536,
      "day_of_month": 0.0489100669587917,
      "is_weekend": 0.006337051003118146,
      "is_night": 0.006190719255215161,
      "is_business_hours": 0.010791523082588468,
      "high_risk_category": 0.0,
      "cat_retail": 0.0,
      "cat_food": 0.0028798629896010634,
      "cat_travel": 0.0063465827455988265,
      "cat_entertainment": 0.0051445798551877,
      "cat_utilities": 0.0029305628732166668,
      "merchant_length": 0.030172126971927598,
      "merchant_has_numbers": 0.0,
      "customer_avg_amount": 0.04730336847840535,
      "customer_std_amount": 0.03948651409943232,
      "customer_txn_count": 0.02237315224472322,
      "amount_deviation": 0.03128897809048046,
      "account_balance": 0.0,
      "amount_to_balance_ratio": 0.056783874349801804,
      "low_balance": 0.0,
      "country_mismatch": 0.06509058918931528,
      "login_transaction_mismatch": 0.07145792098426783,
      "is_by_check": 0.012869121915843298,
      "high_value_check": 0.0,
      "is_transfer": 0.16675158465973394,
      "is_credit": 0.0,
      "is_debit": 0.0,
      "is_usd": 0.004676291566155484,
      "is_foreign_currency": 0.004750779585823598,
      "gender_amount_deviation": 0.04501838378814589,
      "amount_zscore": 0.0482979271180136,
      "is_outlier": 0.0
    }
  },
  "model_version": "1.0"
}