{
  "training_date": "2025-11-18T16:28:57.279238",
  "num_features": 30,
  "feature_names": [
    "issuer_valid",
    "serial_length",
    "serial_format_valid",
    "amount_numeric",
    "amount_consistent",
    "amount_is_round",
    "payee_present",
    "purchaser_present",
    "date_present",
    "date_is_future",
    "date_age_days",
    "location_present",
    "signature_present",
    "receipt_present",
    "missing_fields_count",
    "text_quality_score",
    "amount_category",
    "exact_amount_match",
    "amount_parsing_confidence",
    "suspicious_amount_pattern",
    "date_format_consistency",
    "weekend_holiday_flag",
    "date_amount_correlation",
    "critical_missing_score",
    "field_quality_score",
    "issuer_specific_validation",
    "serial_pattern_match",
    "address_validation",
    "name_consistency",
    "signature_required_score"
  ],
  "metrics": {
    "rf": {
      "val_accuracy": 0.9866666666666667,
      "val_precision": 1.0,
      "val_recall": 0.9736842105263158,
      "val_f1": 0.9866666666666667,
      "cv_f1_mean": 0.9588962749278815,
      "cv_f1_std": 0.010560592712879643,
      "test_accuracy": 0.96,
      "test_precision": 0.9722222222222222,
      "test_recall": 0.9459459459459459,
      "test_f1": 0.958904109589041,
      "test_roc_auc": 0.9751066856330015
    },
    "xgb": {
      "val_accuracy": 0.9733333333333334,
      "val_precision": 0.9736842105263158,
      "val_recall": 0.9736842105263158,
      "val_f1": 0.9736842105263158,
      "test_accuracy": 0.96,
      "test_precision": 0.9722222222222222,
      "test_recall": 0.9459459459459459,
      "test_f1": 0.958904109589041,
      "test_roc_auc": 0.9864864864864865
    },
    "ensemble": {
      "test_accuracy": 0.96,
      "test_precision": 0.9722222222222222,
      "test_recall": 0.9459459459459459,
      "test_f1": 0.958904109589041,
      "test_roc_auc": 0.9836415362731152
    }
  },
  "models_trained": [
    "random_forest",
    "xgboost"
  ]
}