{
  "trained_at": "2025-12-04T11:20:39.933396",
  "training_samples": 30000,
  "metrics": {
    "accuracy": 0.9826666666666667,
    "precision": 0.75,
    "recall": 0.98,
    "f1_score": 0.8497109826589595,
    "auc": 0.9992163742690058,
    "feature_importance": {
      "amount": 0.05087844962694049,
      "amount_log": 0.05402172432239439,
      "amount_squared": 0.06552948034726538,
      "amount_sqrt": 0.07023055080278465,
      "hour": 0.0,
      "day_of_week": 0.0,
      "day_of_month": 0.0,
      "is_weekend": 0.0,
      "is_night": 0.0,
      "is_business_hours": 0.0,
      "high_risk_category": 0.0,
      "cat_retail": 0.0,
      "cat_food": 0.005530570420658842,
      "cat_travel": 0.006288434234273387,
      "cat_entertainment": 0.007232030597024085,
      "cat_utilities": 0.0,
      "merchant_length": 0.011527411393396145,
      "merchant_has_numbers": 0.0,
      "customer_avg_amount": 0.05070280728136273,
      "customer_std_amount": 0.14524097155546695,
      "customer_txn_count": 0.03426834663951497,
      "amount_deviation": 0.11051040806985248,
      "account_balance": 0.0,
      "amount_to_balance_ratio": 0.0,
      "low_balance": 0.0,
      "country_mismatch": 0.07087019323917511,
      "login_transaction_mismatch": 0.07690841557208435,
      "is_by_check": 0.0035488007587686976,
      "high_value_check": 0.002247314883241802,
      "is_transfer": 0.04095811246273269,
      "is_credit": 0.0,
      "is_debit": 0.0,
      "is_usd": 0.0,
      "is_foreign_currency": 0.0,
      "gender_amount_deviation": 0.14144571287017998,
      "amount_zscore": 0.052060264922882966,
      "is_outlier": 0.0
    }
  },
  "model_version": "1.0"
}