{
  "trained_at": "2025-12-15T12:35:53.428894",
  "training_samples": 60000,
  "metrics": {
    "accuracy": 0.99875,
    "precision": 0.9886246122026887,
    "recall": 0.9958333333333333,
    "f1_score": 0.9922158796056045,
    "auc": 0.9997013700181159,
    "feature_importance": {
      "amount": 0.03775191251754705,
      "amount_log": 0.035561915425606355,
      "amount_squared": 0.03411199747387025,
      "amount_sqrt": 0.033773739974738454,
      "hour": 0.01813046236953278,
      "day_of_week": 0.025872863633291353,
      "day_of_month": 0.016826937597993707,
      "is_weekend": 0.01650857436822937,
      "is_night": 0.0067065002754952315,
      "is_business_hours": 0.0028097834997796384,
      "high_risk_category": 0.0,
      "cat_retail": 0.0,
      "cat_food": 0.010016646496964715,
      "cat_travel": 0.00929974998585837,
      "cat_entertainment": 0.011912751468844001,
      "cat_utilities": 0.013784781617234121,
      "merchant_length": 0.015367640848723094,
      "merchant_has_numbers": 0.0,
      "customer_avg_amount": 0.0257883785475338,
      "customer_std_amount": 0.01758720243189011,
      "customer_txn_count": 0.02082282414202059,
      "amount_deviation": 0.01861151657376367,
      "account_balance": 0.0,
      "amount_to_balance_ratio": 0.0,
      "low_balance": 0.0,
      "country_mismatch": 0.13749119750350947,
      "login_transaction_mismatch": 0.12860028594293402,
      "is_by_check": 0.0033349193319823184,
      "high_value_check": 0.0,
      "is_transfer": 0.0031571847903334054,
      "is_credit": 0.0,
      "is_debit": 0.0,
      "is_usd": 0.12291731092155699,
      "is_foreign_currency": 0.133358794392512,
      "gender_amount_deviation": 0.06360893414841612,
      "amount_zscore": 0.03628519371983905,
      "is_outlier": 0.0
    },
    "models_used": [
      "RandomForest",
      "GradientBoosting",
      "XGBoost"
    ],
    "num_models": 3,
    "ensemble_threshold": 0.3
  },
  "model_version": "1.0"
}