{
  "trained_at": "2025-12-04T15:03:14.910150",
  "training_samples": 10000,
  "metrics": {
    "accuracy": 0.977,
    "precision": 0.7109375,
    "recall": 0.91,
    "f1_score": 0.7982456140350878,
    "auc": 0.9952,
    "feature_importance": {
      "amount": 0.15062027059703179,
      "amount_log": 0.17936624028810846,
      "amount_squared": 0.1614532760933588,
      "amount_sqrt": 0.14693641045603506,
      "hour": 0.002584486998174257,
      "day_of_week": 0.00196958352440836,
      "day_of_month": 0.0032247275399852984,
      "is_weekend": 0.0006295453871396244,
      "is_night": 0.0008239758122261618,
      "is_business_hours": 0.0008973249197530933,
      "high_risk_category": 0.029382975445466555,
      "cat_retail": 0.0006759196141204406,
      "cat_food": 0.0004507612083045333,
      "cat_travel": 0.0010744025678917236,
      "cat_entertainment": 0.0007293017825460963,
      "cat_utilities": 0.0008039105716642358,
      "merchant_length": 0.011376527138222538,
      "merchant_has_numbers": 0.0,
      "customer_avg_amount": 0.0045565561924886585,
      "customer_std_amount": 0.004934861138741686,
      "customer_txn_count": 0.002433926168494137,
      "amount_deviation": 0.07222284085423976,
      "account_balance": 0.0037823070619064057,
      "amount_to_balance_ratio": 0.06660855536126019,
      "low_balance": 0.0,
      "country_mismatch": 0.0,
      "login_transaction_mismatch": 0.0,
      "is_by_check": 0.0,
      "high_value_check": 0.0,
      "is_transfer": 0.0,
      "is_credit": 0.0,
      "is_debit": 0.0,
      "is_usd": 0.0,
      "is_foreign_currency": 0.0,
      "gender_amount_deviation": 0.0,
      "amount_zscore": 0.10015290565993863,
      "is_outlier": 0.05230840761849348
    }
  },
  "model_version": "1.0"
}