{
  "trained_at": "2025-12-16T13:31:41.079126",
  "training_samples": 60000,
  "metrics": {
    "accuracy": 0.9725,
    "precision": 0.7607615894039735,
    "recall": 0.9572916666666667,
    "f1_score": 0.8477859778597786,
    "auc": 0.9962301856884058,
    "feature_importance": {
      "amount": 0.06517884355224737,
      "amount_log": 0.0692113800195992,
      "amount_squared": 0.07160123295346177,
      "amount_sqrt": 0.0751112627677566,
      "hour": 0.008624611113218652,
      "day_of_week": 0.018905619455149902,
      "day_of_month": 0.009949212509344448,
      "is_weekend": 0.01218435872557836,
      "is_night": 0.0014445803014149605,
      "is_business_hours": 0.0022866746254924333,
      "high_risk_category": 0.0,
      "cat_retail": 0.0,
      "cat_food": 0.0,
      "cat_travel": 0.016374915508166513,
      "cat_entertainment": 0.019257979461830593,
      "cat_utilities": 0.02011919397739439,
      "merchant_length": 0.010889379662939363,
      "merchant_has_numbers": 0.0,
      "customer_avg_amount": 0.024422577917644295,
      "customer_std_amount": 0.022000885572409416,
      "customer_txn_count": 0.011178706266007745,
      "amount_deviation": 0.02805275465600697,
      "account_balance": 0.0,
      "amount_to_balance_ratio": 0.0,
      "low_balance": 0.0,
      "country_mismatch": 0.012235237557243253,
      "login_transaction_mismatch": 0.014408412949591554,
      "is_by_check": 0.0016491319598340704,
      "high_value_check": 0.0,
      "is_transfer": 0.001851214424398649,
      "is_credit": 0.0,
      "is_debit": 0.0,
      "is_usd": 0.12449451280292997,
      "is_foreign_currency": 0.13469317781623363,
      "gender_amount_deviation": 0.13704823056846077,
      "amount_zscore": 0.06832417499918687,
      "is_outlier": 0.018501737876458264
    },
    "models_used": [
      "RandomForest",
      "GradientBoosting",
      "XGBoost"
    ],
    "num_models": 3,
    "ensemble_threshold": 0.3
  },
  "model_version": "1.0"
}