{
  "trained_at": "2025-11-28T14:40:00.941183",
  "training_samples": 50000,
  "metrics": {
    "accuracy": 0.9763,
    "precision": 0.7104,
    "recall": 0.888,
    "f1_score": 0.7893333333333333,
    "auc": 0.994953052631579,
    "feature_importance": {
      "amount": 0.06492880208776172,
      "amount_log": 0.06779720803367334,
      "amount_squared": 0.06957062234775449,
      "amount_sqrt": 0.07230309997541079,
      "hour": 0.02357417878201673,
      "day_of_week": 0.024623208310455554,
      "day_of_month": 0.020629114677806412,
      "is_weekend": 0.014747293394017804,
      "is_night": 0.018303586731120695,
      "is_business_hours": 0.003752421710852595,
      "high_risk_category": 0.0,
      "cat_retail": 0.006730918281351045,
      "cat_food": 0.011215794470850244,
      "cat_travel": 0.0262545231089518,
      "cat_entertainment": 0.0,
      "cat_utilities": 0.0,
      "merchant_length": 0.08077488474747314,
      "merchant_has_numbers": 0.0,
      "customer_avg_amount": 0.02218941201612833,
      "customer_std_amount": 0.019164661328385547,
      "customer_txn_count": 0.014181813156706748,
      "amount_deviation": 0.0626257092420328,
      "account_balance": 0.0,
      "amount_to_balance_ratio": 0.0,
      "low_balance": 0.0,
      "country_mismatch": 0.06018025167233352,
      "login_transaction_mismatch": 0.06957888324048912,
      "is_by_check": 0.006649694992048944,
      "high_value_check": 0.0039022071329023115,
      "is_transfer": 0.04293603677846884,
      "is_credit": 0.004519770802568428,
      "is_debit": 0.006903079947984928,
      "is_usd": 0.0,
      "is_foreign_currency": 0.0,
      "gender_amount_deviation": 0.11912391509199262,
      "amount_zscore": 0.05938326405890445,
      "is_outlier": 0.003455643879557066
    }
  },
  "model_version": "1.0"
}