{
  "trained_at": "2026-02-26T15:52:22.232185",
  "training_samples": 5002,
  "metrics": {
    "accuracy": 0.9660339660339661,
    "precision": 0.7395833333333334,
    "recall": 0.8875,
    "f1_score": 0.8068181818181818,
    "auc": 0.9896444082519,
    "feature_importance": {
      "amount": 0.06653251279949868,
      "amount_log": 0.05802262412010511,
      "amount_squared": 0.08381768207264412,
      "amount_sqrt": 0.07260983690359324,
      "hour": 0.015192225473622494,
      "day_of_week": 0.01619010797408115,
      "day_of_month": 0.01109108494643801,
      "is_weekend": 0.010258860117245529,
      "is_night": 0.0018982230700092656,
      "is_business_hours": 0.0015963638624385116,
      "high_risk_category": 0.0,
      "cat_retail": 0.003446473680015682,
      "cat_food": 0.006174876899353475,
      "cat_travel": 0.009033774581605373,
      "cat_entertainment": 0.0,
      "cat_utilities": 0.0,
      "merchant_length": 0.06140592041734744,
      "merchant_has_numbers": 0.0,
      "customer_avg_amount": 0.02229407450325009,
      "customer_std_amount": 0.01961214667459037,
      "customer_txn_count": 0.01958315871518377,
      "amount_deviation": 0.04725947948233077,
      "account_balance": 0.0,
      "amount_to_balance_ratio": 0.0,
      "low_balance": 0.0,
      "country_mismatch": 0.1016167360145017,
      "login_transaction_mismatch": 0.08904715231073713,
      "is_by_check": 0.006111887691555083,
      "high_value_check": 0.002998404381528359,
      "is_transfer": 0.04363167866813913,
      "is_credit": 0.003334717460998493,
      "is_debit": 0.007745002337651708,
      "is_usd": 0.0,
      "is_foreign_currency": 0.0,
      "gender_amount_deviation": 0.13406787773330286,
      "amount_zscore": 0.07389432730671991,
      "is_outlier": 0.011532789801512608
    },
    "models_used": [
      "RandomForest",
      "GradientBoosting",
      "XGBoost",
      "LightGBM"
    ],
    "num_models": 4,
    "ensemble_threshold": 0.3
  },
  "model_version": "1.0"
}