{
  "trained_at": "2025-12-15T09:35:03.416234",
  "training_samples": 50000,
  "metrics": {
    "accuracy": 0.9969,
    "precision": 0.9625246548323472,
    "recall": 0.976,
    "f1_score": 0.9692154915590864,
    "auc": 0.9998343157894737,
    "feature_importance": {
      "amount": 0.12655982184935013,
      "amount_log": 0.11012712813253069,
      "amount_squared": 0.11459738154546834,
      "amount_sqrt": 0.12956917951306965,
      "hour": 0.0009278431423934695,
      "day_of_week": 0.0009582129856406942,
      "day_of_month": 0.0008265927512600127,
      "is_weekend": 0.00046132962187432223,
      "is_night": 0.00011143187325022949,
      "is_business_hours": 0.0001014808805459638,
      "high_risk_category": 0.0,
      "cat_retail": 0.0,
      "cat_food": 0.0002934594185566994,
      "cat_travel": 0.00015850635618349404,
      "cat_entertainment": 0.000652609026904674,
      "cat_utilities": 8.287339026962886e-05,
      "merchant_length": 0.0007215167143083193,
      "merchant_has_numbers": 0.0,
      "customer_avg_amount": 0.04752302591517166,
      "customer_std_amount": 0.03907235780383315,
      "customer_txn_count": 0.001106055241714364,
      "amount_deviation": 0.014580927677666129,
      "account_balance": 0.0,
      "amount_to_balance_ratio": 0.0,
      "low_balance": 0.0,
      "country_mismatch": 0.01226493376308506,
      "login_transaction_mismatch": 0.012355268314819461,
      "is_by_check": 0.00019085668361044266,
      "high_value_check": 0.006815227337836392,
      "is_transfer": 0.00019170761925292197,
      "is_credit": 0.0,
      "is_debit": 0.0,
      "is_usd": 0.005616421794205993,
      "is_foreign_currency": 0.005063315123305755,
      "gender_amount_deviation": 0.18378734632770913,
      "amount_zscore": 0.10793358009487013,
      "is_outlier": 0.07734960910131324
    }
  },
  "model_version": "1.0"
}