{
  "trained_at": "2025-12-13T08:44:38.827443",
  "training_samples": 10000,
  "metrics": {
    "accuracy": 0.957,
    "precision": 0.5546875,
    "recall": 0.71,
    "f1_score": 0.6228070175438597,
    "auc": 0.9801368421052633,
    "feature_importance": {
      "amount": 0.035187547473799555,
      "amount_log": 0.03303380634226101,
      "amount_squared": 0.03598509890224805,
      "amount_sqrt": 0.037264912858476905,
      "hour": 0.01705882147956858,
      "day_of_week": 0.023760012470611283,
      "day_of_month": 0.016393224122151256,
      "is_weekend": 0.015688105313327014,
      "is_night": 0.008151261847757264,
      "is_business_hours": 0.0031773623139750608,
      "high_risk_category": 0.0,
      "cat_retail": 0.0,
      "cat_food": 0.005323132171037846,
      "cat_travel": 0.001485203457147449,
      "cat_entertainment": 0.013179103744175372,
      "cat_utilities": 0.005256109070508028,
      "merchant_length": 0.010628053831909774,
      "merchant_has_numbers": 0.0,
      "customer_avg_amount": 0.022763979227504574,
      "customer_std_amount": 0.013596744553173277,
      "customer_txn_count": 0.009185619653743789,
      "amount_deviation": 0.017502730909445277,
      "account_balance": 0.0,
      "amount_to_balance_ratio": 0.0,
      "low_balance": 0.0,
      "country_mismatch": 0.15878808229096897,
      "login_transaction_mismatch": 0.15311456457208364,
      "is_by_check": 0.002595380308019565,
      "high_value_check": 0.0,
      "is_transfer": 0.0032537251797400604,
      "is_credit": 0.0,
      "is_debit": 0.0,
      "is_usd": 0.12640957178226422,
      "is_foreign_currency": 0.1278929860728319,
      "gender_amount_deviation": 0.06894105562593932,
      "amount_zscore": 0.034383804425331135,
      "is_outlier": 0.0
    }
  },
  "model_version": "1.0"
}