{
  "trained_at": "2025-12-16T13:13:15.336821",
  "training_samples": 60000,
  "metrics": {
    "accuracy": 0.9681666666666666,
    "precision": 0.7243788819875776,
    "recall": 0.971875,
    "f1_score": 0.8300711743772242,
    "auc": 0.996771305102657,
    "feature_importance": {
      "amount": 0.06542677488512251,
      "amount_log": 0.06972964351091139,
      "amount_squared": 0.07144520755118534,
      "amount_sqrt": 0.07561751760629674,
      "hour": 0.00856672276173032,
      "day_of_week": 0.018901038366011823,
      "day_of_month": 0.009883687038904083,
      "is_weekend": 0.012318985148121787,
      "is_night": 0.001458272609092089,
      "is_business_hours": 0.002300289292878743,
      "high_risk_category": 0.0,
      "cat_retail": 0.0,
      "cat_food": 0.0,
      "cat_travel": 0.01638350106427319,
      "cat_entertainment": 0.01952803694912809,
      "cat_utilities": 0.020259488823428966,
      "merchant_length": 0.010993563121617216,
      "merchant_has_numbers": 0.0,
      "customer_avg_amount": 0.02420295405114957,
      "customer_std_amount": 0.021881808819844233,
      "customer_txn_count": 0.011273350739696743,
      "amount_deviation": 0.027154522996136857,
      "account_balance": 0.0,
      "amount_to_balance_ratio": 0.0,
      "low_balance": 0.0,
      "country_mismatch": 0.012502291502795075,
      "login_transaction_mismatch": 0.014166413428395926,
      "is_by_check": 0.0016739426488439873,
      "high_value_check": 0.0,
      "is_transfer": 0.0018470238274991425,
      "is_credit": 0.0,
      "is_debit": 0.0,
      "is_usd": 0.12352166529006288,
      "is_foreign_currency": 0.13539283037115935,
      "gender_amount_deviation": 0.13722957508594164,
      "amount_zscore": 0.06773571192767808,
      "is_outlier": 0.018605180582094195
    },
    "models_used": [
      "RandomForest",
      "GradientBoosting",
      "XGBoost",
      "LightGBM"
    ],
    "num_models": 4,
    "ensemble_threshold": 0.3
  },
  "model_version": "1.0"
}