{
  "trained_at": "2026-02-10T11:34:47.554217",
  "training_samples": 10000,
  "metrics": {
    "accuracy": 0.9755,
    "precision": 0.8262910798122066,
    "recall": 0.9361702127659575,
    "f1_score": 0.8778054862842892,
    "auc": 0.9939440373866892,
    "feature_importance": {
      "amount": 0.06512012592892225,
      "amount_log": 0.06342643811618323,
      "amount_squared": 0.05637450347852518,
      "amount_sqrt": 0.06276487963496682,
      "hour": 0.007936419801742447,
      "day_of_week": 0.014160486790571018,
      "day_of_month": 0.012405395747173857,
      "is_weekend": 0.00813256275565837,
      "is_night": 0.001207085467828826,
      "is_business_hours": 0.002268842896329538,
      "high_risk_category": 0.0,
      "cat_retail": 0.0,
      "cat_food": 0.001213654463197323,
      "cat_travel": 0.004402306382380128,
      "cat_entertainment": 0.026206743030448787,
      "cat_utilities": 0.013143895604620584,
      "merchant_length": 0.005932630601882783,
      "merchant_has_numbers": 0.0,
      "customer_avg_amount": 0.03750567717623791,
      "customer_std_amount": 0.016359648273598978,
      "customer_txn_count": 0.0028820402130938917,
      "amount_deviation": 0.00864004590135636,
      "account_balance": 0.0,
      "amount_to_balance_ratio": 0.06005600104391587,
      "low_balance": 0.0,
      "country_mismatch": 0.006294349751301788,
      "login_transaction_mismatch": 0.008436020214138753,
      "is_by_check": 0.0017259082446942989,
      "high_value_check": 0.0037845560590776223,
      "is_transfer": 0.0022822178483863863,
      "is_credit": 0.0,
      "is_debit": 0.0,
      "is_usd": 0.14013426234067963,
      "is_foreign_currency": 0.12069179192702323,
      "gender_amount_deviation": 0.15775055642133892,
      "amount_zscore": 0.055834811342265256,
      "is_outlier": 0.03292614254246003
    },
    "models_used": [
      "RandomForest",
      "GradientBoosting",
      "XGBoost"
    ],
    "num_models": 3,
    "ensemble_threshold": 0.3
  },
  "model_version": "1.0"
}