{
  "trained_at": "2025-12-23T14:10:58.543961",
  "training_samples": 50000,
  "metrics": {
    "accuracy": 0.9848,
    "precision": 0.8568281938325991,
    "recall": 0.9725,
    "f1_score": 0.9110070257611241,
    "auc": 0.9987158967391305,
    "feature_importance": {
      "amount": 0.07759866187542869,
      "amount_log": 0.0593284028125781,
      "amount_squared": 0.05699500644834723,
      "amount_sqrt": 0.07827567986814583,
      "hour": 0.005069837010841405,
      "day_of_week": 0.007633967755658106,
      "day_of_month": 0.005409658324396541,
      "is_weekend": 0.004153844801807877,
      "is_night": 0.0014614295441522619,
      "is_business_hours": 0.0007162629634471865,
      "high_risk_category": 0.0,
      "cat_retail": 0.0,
      "cat_food": 0.004646813522270123,
      "cat_travel": 0.0039361611237937275,
      "cat_entertainment": 0.001516940792114086,
      "cat_utilities": 0.003595442557042446,
      "merchant_length": 0.004299880660774479,
      "merchant_has_numbers": 0.0,
      "customer_avg_amount": 0.04289798077711375,
      "customer_std_amount": 0.03901791523650538,
      "customer_txn_count": 0.004219054697491434,
      "amount_deviation": 0.015703843935381948,
      "account_balance": 0.0,
      "amount_to_balance_ratio": 0.0,
      "low_balance": 0.0,
      "country_mismatch": 0.14296927091383696,
      "login_transaction_mismatch": 0.1361204264564686,
      "is_by_check": 0.0008641726231906334,
      "high_value_check": 0.003915532729013399,
      "is_transfer": 0.0009161813340151225,
      "is_credit": 0.0,
      "is_debit": 0.0,
      "is_usd": 0.04768048372855804,
      "is_foreign_currency": 0.04170005031318344,
      "gender_amount_deviation": 0.0947842633143722,
      "amount_zscore": 0.06398407332098059,
      "is_outlier": 0.05058876055909039
    },
    "models_used": [
      "RandomForest",
      "GradientBoosting",
      "XGBoost"
    ],
    "num_models": 3,
    "ensemble_threshold": 0.3
  },
  "model_version": "1.0"
}