{
  "trained_at": "2025-12-16T16:33:26.318515",
  "training_samples": 10000,
  "metrics": {
    "accuracy": 0.8235,
    "precision": 0.30120481927710846,
    "recall": 0.967741935483871,
    "f1_score": 0.45941807044410415,
    "auc": 0.9792149663432118,
    "feature_importance": {
      "amount": 0.08192328303803252,
      "amount_log": 0.09199706157099158,
      "amount_squared": 0.08058831927253073,
      "amount_sqrt": 0.09178471382547185,
      "hour": 0.019008398558900373,
      "day_of_week": 0.01729296341777555,
      "day_of_month": 0.01572306642709141,
      "is_weekend": 0.0075993673362136725,
      "is_night": 0.007586539313980396,
      "is_business_hours": 0.0026772428892430627,
      "high_risk_category": 0.008722600843452295,
      "cat_retail": 0.0,
      "cat_food": 0.0,
      "cat_travel": 0.010500869200285222,
      "cat_entertainment": 0.0103900280379242,
      "cat_utilities": 0.016971927197691375,
      "merchant_length": 0.015701591486500258,
      "merchant_has_numbers": 0.0045163828248074986,
      "customer_avg_amount": 0.043339491952914824,
      "customer_std_amount": 0.0246592495082231,
      "customer_txn_count": 0.007026111681513838,
      "amount_deviation": 0.01499405206271778,
      "account_balance": 0.0,
      "amount_to_balance_ratio": 0.08626760265210576,
      "low_balance": 0.0,
      "country_mismatch": 0.012971581411960637,
      "login_transaction_mismatch": 0.019933704962235635,
      "is_by_check": 0.010721297359350852,
      "high_value_check": 0.019018365259322413,
      "is_transfer": 0.006220232575886082,
      "is_credit": 0.0,
      "is_debit": 0.0,
      "is_usd": 0.048931323831032304,
      "is_foreign_currency": 0.05257631404560548,
      "gender_amount_deviation": 0.07550568867010464,
      "amount_zscore": 0.08282283196859147,
      "is_outlier": 0.012027796817543259
    },
    "models_used": [
      "RandomForest",
      "GradientBoosting",
      "XGBoost",
      "LightGBM"
    ],
    "num_models": 4,
    "ensemble_threshold": 0.05
  },
  "model_version": "1.0"
}