{
  "trained_at": "2025-12-02T10:52:01.923443",
  "training_samples": 20000,
  "metrics": {
    "accuracy": 0.973,
    "precision": 0.6729323308270677,
    "recall": 0.895,
    "f1_score": 0.7682403433476395,
    "auc": 0.9924986842105262,
    "feature_importance": {
      "amount": 0.05584301669518079,
      "amount_log": 0.06140897495850509,
      "amount_squared": 0.06702318392321718,
      "amount_sqrt": 0.06532195186531514,
      "hour": 0.0,
      "day_of_week": 0.0,
      "day_of_month": 0.0,
      "is_weekend": 0.0,
      "is_night": 0.0,
      "is_business_hours": 0.0,
      "high_risk_category": 0.0,
      "cat_retail": 0.0,
      "cat_food": 0.003946082466957107,
      "cat_travel": 0.006320508207612442,
      "cat_entertainment": 0.008089547742007014,
      "cat_utilities": 0.0,
      "merchant_length": 0.011469366520341417,
      "merchant_has_numbers": 0.0,
      "customer_avg_amount": 0.05812093073033212,
      "customer_std_amount": 0.12844304748150775,
      "customer_txn_count": 0.1126229743097231,
      "amount_deviation": 0.10362316406503098,
      "account_balance": 0.0,
      "amount_to_balance_ratio": 0.0,
      "low_balance": 0.0,
      "country_mismatch": 0.03903957828636042,
      "login_transaction_mismatch": 0.0607147399564433,
      "is_by_check": 0.0030568226718031715,
      "high_value_check": 0.0029699713066738665,
      "is_transfer": 0.03391756406805419,
      "is_credit": 0.0,
      "is_debit": 0.0,
      "is_usd": 0.0,
      "is_foreign_currency": 0.0,
      "gender_amount_deviation": 0.12213945713679861,
      "amount_zscore": 0.0559291176081364,
      "is_outlier": 0.0
    }
  },
  "model_version": "1.0"
}