{
  "trained_at": "2025-12-18T13:36:12.051353",
  "training_samples": 50000,
  "metrics": {
    "accuracy": 0.9467,
    "precision": 0.6001500375093773,
    "recall": 1.0,
    "f1_score": 0.7501172058134083,
    "auc": 0.9989953804347826,
    "feature_importance": {
      "amount": 0.07761822611795106,
      "amount_log": 0.05926796289419442,
      "amount_squared": 0.05601097883442161,
      "amount_sqrt": 0.07832192599367944,
      "hour": 0.005035485393301997,
      "day_of_week": 0.007607115399863727,
      "day_of_month": 0.005419459079075295,
      "is_weekend": 0.004109254762689532,
      "is_night": 0.0014912274145635958,
      "is_business_hours": 0.0007015231576650534,
      "high_risk_category": 0.0,
      "cat_retail": 0.0,
      "cat_food": 0.004607205235908225,
      "cat_travel": 0.003945626596806612,
      "cat_entertainment": 0.001533813376487069,
      "cat_utilities": 0.0035835290938813665,
      "merchant_length": 0.004250692947189784,
      "merchant_has_numbers": 0.0,
      "customer_avg_amount": 0.042924074853119575,
      "customer_std_amount": 0.03887168347809088,
      "customer_txn_count": 0.004228943141000825,
      "amount_deviation": 0.01568523926533506,
      "account_balance": 0.0,
      "amount_to_balance_ratio": 0.0,
      "low_balance": 0.0,
      "country_mismatch": 0.1436363778743106,
      "login_transaction_mismatch": 0.13579901015341464,
      "is_by_check": 0.0008556256012403847,
      "high_value_check": 0.003915504194266345,
      "is_transfer": 0.0009056070755213346,
      "is_credit": 0.0,
      "is_debit": 0.0,
      "is_usd": 0.04751148684790104,
      "is_foreign_currency": 0.042192478255141413,
      "gender_amount_deviation": 0.09535593869793509,
      "amount_zscore": 0.06406509591491397,
      "is_outlier": 0.05054890835013017
    },
    "models_used": [
      "RandomForest",
      "GradientBoosting",
      "XGBoost",
      "LightGBM"
    ],
    "num_models": 4,
    "ensemble_threshold": 0.05
  },
  "model_version": "1.0"
}