{
  "trained_at": "2025-12-03T12:13:10.740904",
  "training_samples": 50000,
  "metrics": {
    "accuracy": 0.9919,
    "precision": 0.9021113243761996,
    "recall": 0.94,
    "f1_score": 0.920666013712047,
    "auc": 0.9986524210526315,
    "feature_importance": {
      "amount": 0.148831107870721,
      "amount_log": 0.19798891396952015,
      "amount_squared": 0.16458622021511327,
      "amount_sqrt": 0.14714711071899678,
      "hour": 0.00350965081420934,
      "day_of_week": 0.004049537912400774,
      "day_of_month": 0.0031972831184033717,
      "is_weekend": 0.0017777515402686874,
      "is_night": 0.002121802705708108,
      "is_business_hours": 0.0005580090415977584,
      "high_risk_category": 0.0,
      "cat_retail": 0.0017185220682074975,
      "cat_food": 0.0,
      "cat_travel": 0.0009351565995331349,
      "cat_entertainment": 0.003850422716685228,
      "cat_utilities": 0.001646828671590709,
      "merchant_length": 0.00251955857816749,
      "merchant_has_numbers": 0.0,
      "customer_avg_amount": 0.01634384008687771,
      "customer_std_amount": 0.017595784871553943,
      "customer_txn_count": 0.0034106282931820942,
      "amount_deviation": 0.07798733445432735,
      "account_balance": 0.0076936791798066445,
      "amount_to_balance_ratio": 0.04997319092184674,
      "low_balance": 0.0,
      "country_mismatch": 0.0,
      "login_transaction_mismatch": 0.0,
      "is_by_check": 0.0,
      "high_value_check": 0.0,
      "is_transfer": 0.0,
      "is_credit": 0.0,
      "is_debit": 0.0,
      "is_usd": 0.0,
      "is_foreign_currency": 0.0,
      "gender_amount_deviation": 0.0,
      "amount_zscore": 0.08795676706961783,
      "is_outlier": 0.05460089858166442
    }
  },
  "model_version": "1.0"
}