{
  "trained_at": "2025-12-02T13:26:39.968924",
  "training_samples": 20000,
  "metrics": {
    "accuracy": 0.973,
    "precision": 0.6729323308270677,
    "recall": 0.895,
    "f1_score": 0.7682403433476395,
    "auc": 0.9925315789473683,
    "feature_importance": {
      "amount": 0.056892033806730836,
      "amount_log": 0.0615369103871767,
      "amount_squared": 0.0669833028101583,
      "amount_sqrt": 0.06522061533287109,
      "hour": 0.0,
      "day_of_week": 0.0,
      "day_of_month": 0.0,
      "is_weekend": 0.0,
      "is_night": 0.0,
      "is_business_hours": 0.0,
      "high_risk_category": 0.0,
      "cat_retail": 0.0,
      "cat_food": 0.003952910347529498,
      "cat_travel": 0.0062615231987313245,
      "cat_entertainment": 0.008001549151489712,
      "cat_utilities": 0.0,
      "merchant_length": 0.011443867496771763,
      "merchant_has_numbers": 0.0,
      "customer_avg_amount": 0.05683417687914876,
      "customer_std_amount": 0.12844098927609846,
      "customer_txn_count": 0.11301451669773253,
      "amount_deviation": 0.10341674818796179,
      "account_balance": 0.0,
      "amount_to_balance_ratio": 0.0,
      "low_balance": 0.0,
      "country_mismatch": 0.03931501351421691,
      "login_transaction_mismatch": 0.0608883190572627,
      "is_by_check": 0.003079534003981455,
      "high_value_check": 0.0029481447565632844,
      "is_transfer": 0.033784173916451866,
      "is_credit": 0.0,
      "is_debit": 0.0,
      "is_usd": 0.0,
      "is_foreign_currency": 0.0,
      "gender_amount_deviation": 0.12220712391879722,
      "amount_zscore": 0.05577854726032592,
      "is_outlier": 0.0
    }
  },
  "model_version": "1.0"
}